Call Sign,Vessel Name,Flag,Arrival Date,Departure Date,Last Ports,Arrival Date/Time,Next Ports,Departure Date/Time
OWPP2,MANILA MAERSK,DENMARK,6/17/2022,6/18/2022,"OTHER, OMAN",6/17/2022 18:13,"NINGBO, ZJ",6/18/2022 22:03
VRMK3,SEA AMBITION,"HONG KONG, CHINA",6/17/2022,6/17/2022,SINGAPORE,6/17/2022 10:20,"ZHUHAI, GD",6/17/2022 18:32
D5XY3,ZEBRA,LIBERIA,6/17/2022,6/18/2022,"YANTIAN, SHENZHEN",6/17/2022 18:18,BATANGAS,6/18/2022 9:12
VRFX2,OOCL CHARLESTON,"HONG KONG, CHINA",6/17/2022,6/17/2022,SINGAPORE,6/17/2022 8:02,"SHANGHAI, SH",6/17/2022 18:42
V7A4676,TS MUMBAI,MARSHALL ISLANDS,6/17/2022,6/19/2022,LAEM CHABANG,6/17/2022 18:26,"SHEKOU, SHENZHEN",6/19/2022 2:33
VRUA6,PAC CHRISTINA,"HONG KONG, CHINA",6/17/2022,6/17/2022,BANJARMASIN,6/17/2022 11:09,"TIANJIN XINGANG, TJ",6/17/2022 19:54
V7ZQ9,STARSHIP LEO,MARSHALL ISLANDS,6/17/2022,6/18/2022,ULSAN,6/17/2022 18:26,HAIPHONG,6/18/2022 0:55
9V6959,ASIATIC REUNION,SINGAPORE,6/17/2022,6/17/2022,"NANSHA, NANSHA, PANYU",6/17/2022 4:20,MANILA,6/17/2022 19:57
9VFK8,LOUISA SCHULTE,SINGAPORE,6/17/2022,6/18/2022,"SHANGHAI, SH",6/17/2022 18:56,AUCKLAND,6/18/2022 10:52
9V6499,WAN HAI 328,SINGAPORE,6/16/2022,6/17/2022,PASIR GUDANG,6/16/2022 22:49,TOKYO,6/17/2022 20:07
V7HM2,AL JASRAH,MARSHALL ISLANDS,6/17/2022,6/18/2022,SINGAPORE,6/17/2022 20:51,BUSAN,6/18/2022 20:53
H9ON,EVER BURLY,PANAMA,6/17/2022,6/17/2022,TANJUNG PELEPAS,6/17/2022 2:40,KAOHSIUNG,6/17/2022 20:30
BLBP,WAN HAI 235,"TAIWAN, CHINA",6/17/2022,6/17/2022,TAIPEI,6/17/2022 20:52,TAICHUNG,6/17/2022 21:57
3FYH5,RUN FAR,PANAMA,6/17/2022,6/15/2022,"DONGGUAN, GD",6/17/2022 20:53,"DONGGUAN, GD",6/15/2022 6:51
3ETI4,VIMC DIAMOND,PANAMA,6/17/2022,6/17/2022,"SHANGHAI, SH",6/17/2022 12:08,HAIPHONG,6/17/2022 22:34
9V7585,WAN HAI 272,SINGAPORE,6/17/2022,6/18/2022,KAOHSIUNG,6/17/2022 21:00,LAEM CHABANG,6/18/2022 10:35
DSRA4,SINOKOR HONGKONG,REPUBLIC OF KOREA,6/17/2022,6/18/2022,KWANGYANG,6/17/2022 11:35,HAIPHONG,6/18/2022 0:32
V7A2884,ASIAN GRACIAS,MARSHALL ISLANDS,6/17/2022,6/18/2022,KAOHSIUNG,6/17/2022 21:09,"HUANGPU, GD",6/18/2022 17:39
3FHB3,KMTC INCHEON,PANAMA,6/17/2022,6/18/2022,KWANGYANG,6/17/2022 21:31,HO CHI MINH CITY,6/18/2022 10:28
BKLQ,EVER BOARD,"TAIWAN, CHINA",6/16/2022,6/18/2022,KAOHSIUNG,6/16/2022 21:48,"SHEKOU, SHENZHEN",6/18/2022 3:08
PLLD,MONTOK,INDONESIA,6/17/2022,,"OTHER, VIETNAM",6/17/2022 21:44,,
7KEP,ONE CYGNUS,JAPAN,6/17/2022,6/18/2022,VUNGTAU,6/17/2022 16:22,"YANTIAN, SHENZHEN",6/18/2022 4:08
HPEY,XINGHE CENTURY,PANAMA,6/17/2022,6/18/2022,"HUANGPU, GD",6/17/2022 21:46,NINGDE,6/18/2022 7:01
V7HY7,HEUNG-A AKITA,MARSHALL ISLANDS,6/12/2022,6/18/2022,HAIPHONGINCHEON,6/12/2022 15:42,BUSANHAIPHONG,6/18/2022 5:48
V7FW4,INTEGRA,MARSHALL ISLANDS,6/17/2022,6/18/2022,SINGAPORE,6/17/2022 21:54,MANILA,6/18/2022 17:40
BICQ,TS TAICHUNG,"TAIWAN, CHINA",6/17/2022,6/18/2022,PASIR GUDANG,6/17/2022 21:57,PUSAN,6/18/2022 15:07
VRXH5,OSG ADMIRAL,"HONG KONG, CHINA",6/18/2022,6/18/2022,"SHANTOU, GD",6/18/2022 9:04,"SHEKOU, SHENZHEN",6/18/2022 9:05
3E4009,EVER OBEY,PANAMA,6/18/2022,6/18/2022,DANANG,6/18/2022 2:15,"SHANGHAI, SH",6/18/2022 16:10
9V7589,WAN HAI 101,SINGAPORE,6/18/2022,6/19/2022,KAOHSIUNG,6/18/2022 6:54,OSAKA,6/19/2022 0:03
D7BK,WOO SUNG,REPUBLIC OF KOREA,6/16/2022,6/18/2022,DAESAN,6/16/2022 0:15,DAESAN,6/18/2022 10:27
3ENL7,BLUE PHOENIX,PANAMA,6/18/2022,6/18/2022,"OTHER, CHINA (COAST)",6/18/2022 7:40,SINGAPORE,6/18/2022 11:34
JVLM7,PLATON,MONGOLIA,6/18/2022,6/18/2022,"RIZHAO, SD",6/18/2022 8:04,HAIPHONG,6/18/2022 11:44
3FVG4,FABULOUS SW,PANAMA,6/18/2022,6/18/2022,"YANGJIANG, GD",6/18/2022 8:45,NINGDE,6/18/2022 17:20
3ECE5,FALCON EXPRESS,PANAMA,6/18/2022,6/18/2022,"RIZHAO, SD",6/18/2022 9:01,"CAILAN, VIETNAM",6/18/2022 20:01
D5DM3,HANSA FRESENBURG,LIBERIA,6/17/2022,6/18/2022,"LIANYUNGANG, JS",6/17/2022 11:12,"SHEKOU, SHENZHEN",6/18/2022 11:06
3EHI,TAICHUNG,PANAMA,6/18/2022,6/18/2022,HAIPHONG,6/18/2022 9:20,KAOHSIUNG,6/18/2022 14:07
3FGZ8,WISDOM ACE,PANAMA,6/18/2022,6/18/2022,SINGAPORE,6/18/2022 9:27,"OTHER, CHINA (RIVER)",6/18/2022 14:31
3E2416,EVER COMPOSE,PANAMA,6/17/2022,6/18/2022,KAOHSIUNG,6/17/2022 17:52,KOTA KINABALU,6/18/2022 12:03
3EMJ7,HUI FENG,PANAMA,6/18/2022,6/18/2022,MAOMING,6/18/2022 10:19,"OTHER, KOREA, R",6/18/2022 12:34
VRBK8,OSG BOSSTEC,"HONG KONG, CHINA",6/18/2022,6/18/2022,"NANSHA, PANYU",6/18/2022 10:28,"SHEKOU, SHENZHEN",6/18/2022 18:13
V7GN7,SAN FELIPE,MARSHALL ISLANDS,6/18/2022,,SINGAPORE,6/18/2022 11:20,,
3ELQ8,COSCO ASIA,PANAMA,6/17/2022,6/18/2022,"YANTIAN, GD",6/17/2022 9:11,"NINGBO, ZJ",6/18/2022 13:48
D7UY,PANCON HARMONY,REPUBLIC OF KOREA,6/18/2022,6/18/2022,INCHEON,6/18/2022 12:12,HAIPHONG,6/18/2022 17:29
9VJJ8,WAN HAI 510,SINGAPORE,6/18/2022,,"SHEKOU, SHENZHEN",6/18/2022 12:13,,
V2CH5,OKEE PIPER,ANTIGUA & BARBUDA,6/18/2022,6/19/2022,"SHEKOU, SHENZHEN",6/18/2022 12:44,MANILA,6/19/2022 1:02
VRNI6,COSCO PORTUGAL,"HONG KONG, CHINA",6/17/2022,6/18/2022,"NANSHA, PANYU",6/17/2022 15:47,"YANTIAN, SHENZHEN",6/18/2022 14:34
V7A5115,TS DALIAN,MARSHALL ISLANDS,6/18/2022,,"SHEKOU, SHENZHEN",6/18/2022 12:53,,
9HA4350,GUANGZHOU TRADER,MALTA,6/17/2022,6/18/2022,LAEM CHABANG,6/17/2022 17:47,KAOHSIUNG,6/18/2022 14:38
VRLY7,COSCO VALENCIA,"HONG KONG, CHINA",6/18/2022,6/19/2022,"NANSHA, PANYU",6/18/2022 13:41,HAIPHONG,6/19/2022 1:08
3EKX8,RUN XING,PANAMA,6/16/2022,6/18/2022,HAIPHONG,6/16/2022 7:05,"SHEKOU, SHENZHENHAIPHONG",6/18/2022 15:01
DSOA8,KMTC JAKARTA,REPUBLIC OF KOREA,6/18/2022,,LAEM CHABANG,6/18/2022 13:56,,
DYHX,MATSURI,PHILIPPINES,6/18/2022,6/18/2022,KOBE,6/18/2022 14:20,SIMSEAPORT,6/18/2022 17:03
3EJU8,NIIGATA TRADER,PANAMA,6/18/2022,,KWANGYANG,6/18/2022 14:44,,
3EZG4,BAO LI,PANAMA,6/18/2022,6/19/2022,"DONGGUAN, GD",6/18/2022 15:41,NAKHODKA,6/19/2022 2:43
HOKL,EARNEST CRANE,PANAMA,6/18/2022,6/18/2022,GUANGZHOU,6/18/2022 15:42,QUINHON,6/18/2022 20:35
D7XC,KMTC SEOUL,REPUBLIC OF KOREA,6/18/2022,,HO CHI MINH CITY,6/18/2022 16:10,,
VRCA4,YONG SHENG,"HONG KONG, CHINA",6/12/2022,6/13/2022,DANANGDANANG,6/12/2022 8:54,"OTHER, VIETNAM",6/13/2022 10:17
A8HX2,YM INCEPTION,LIBERIA,6/18/2022,,KAOHSIUNG,6/18/2022 16:20,,
3FZD7,PEARL RIVER BRIDGE,PANAMA,6/18/2022,,PORT KLANG,6/18/2022 16:23,,
VRCH5,XIN HONG KONG,"HONG KONG, CHINA",6/18/2022,,"CAILAN, VIETNAM",6/18/2022 16:38,,
D8BU,FORTUNE KAREN,REPUBLIC OF KOREA,6/17/2022,6/18/2022,HUIZHOUGANG,6/17/2022 10:38,"ZHAPU, CHINAZHUHAI, GD",6/18/2022 20:12
3E3428,OCEAN STAR 7,PANAMA,6/18/2022,6/18/2022,"OTHER, VIETNAM",6/18/2022 16:52,MACAO,6/18/2022 20:28
C6EK6,CMA CGM HYDRA,BAHAMAS,6/18/2022,,"SHEKOU, SHENZHEN",6/18/2022 17:15,,
BOHJ,RUI AN CHENG,CHINA,6/18/2022,,DUNG QUAT,6/18/2022 17:19,,
VRIV3,COSCO PRIDE,"HONG KONG, CHINA",6/18/2022,,"NANSHA, PANYU",6/18/2022 19:36,,
3FWA7,RUN XIANG,PANAMA,6/13/2022,6/18/2022,"GAOLAN, ZHUHAI",6/13/2022 20:24,"GAOLAN, ZHUHAI",6/18/2022 21:27
V7A4248,SEARHYTHM,MARSHALL ISLANDS,6/18/2022,,TANJUNG PELEPAS,6/18/2022 19:48,,
DSOF3,KMTC KEELUNG,REPUBLIC OF KOREA,6/18/2022,6/19/2022,ULSAN,6/18/2022 19:51,HAIPHONG,6/19/2022 1:07
V3VF,GUO SHUN 13,BELIZE,6/17/2022,6/18/2022,"SHATIAN, DONGGUAN",6/17/2022 16:10,SUAO,6/18/2022 23:30
VRGO6,OOCL GUANGZHOU,"HONG KONG, CHINA",6/18/2022,,NAGOYA,6/18/2022 20:10,,
H3CG,QEM STAR,PANAMA,6/18/2022,6/19/2022,YEOSU,6/18/2022 20:10,KUANTAN,6/19/2022 0:53
9LU2488,XIN GUANG,SIERRA LEONE,6/18/2022,,KAOHSIUNG,6/18/2022 21:24,,
3E4044,BROAD OCEAN 1,PANAMA,6/18/2022,6/19/2022,"SHATIAN, DONGGUAN",6/18/2022 21:49,CAMPHA,6/19/2022 3:21
3E3381,V PACIFIC,PANAMA,6/18/2022,6/19/2022,"SHANGHAI, SH",6/18/2022 22:31,KARACHI,6/19/2022 2:23
VRJH6,MAERSK LAVRAS,"HONG KONG, CHINA",6/18/2022,,"NINGBO, ZJ",6/18/2022 23:22,,
OZER2,NORD LUNA,DENMARK,6/14/2022,6/19/2022,"TABONEO, INDONESIA",6/14/2022 11:31,TABANGAO,6/19/2022 1:17
H3OA,EVER CALM,PANAMA,6/18/2022,,KAOHSIUNG,6/18/2022 23:45,,
3EBJ3,HE DA,PANAMA,6/19/2022,,"ZHUHAI, GD",6/19/2022 0:51,,
3WON,SEA DREAM,VIETNAM,6/19/2022,6/19/2022,"OTHER, CHINA (COAST)",6/19/2022 1:02,DUMAI,6/19/2022 4:10
VRTN5,PROS HOPE,"HONG KONG, CHINA",6/19/2022,,"SHANGHAI, SH",6/19/2022 1:10,,
5LBX9,THALASSA PATRIS,LIBERIA,6/19/2022,,PORT KLANG,6/19/2022 1:48,,
9V6504,WAN HAI 286,SINGAPORE,6/19/2022,,KAOHSIUNG,6/19/2022 1:59,,
CQHA,NORTHERN VIVACITY,PORTUGAL,6/15/2022,6/16/2022,"YANTIAN, SHENZHENNINGBO, ZJ",6/15/2022 8:57,"OPEN SEAYANTIAN, SHENZHEN",6/16/2022 18:08
3E3956,HE YUAN 1,PANAMA,6/19/2022,,"SHANGHAI, SH",6/19/2022 2:03,,
9V9399,APL SOUTHAMPTON,SINGAPORE,6/16/2022,6/16/2022,"NINGBO, ZJ",6/16/2022 18:29,"SHEKOU, SHENZHEN",6/16/2022 18:31
HO8155,GUAMA,PANAMA,6/19/2022,,HO CHI MINH CITY,6/19/2022 2:33,,
3FQU,BRIGHT CORAL,PANAMA,6/16/2022,6/16/2022,"OTHER, INDONESIA",6/16/2022 16:11,"OTHER, JAPAN",6/16/2022 18:50
V7A2920,PIONEER ETERNITY,MARSHALL ISLANDS,6/19/2022,,"XIAMEN, FJ",6/19/2022 2:37,,
S6AV2,WAN HAI 503,SINGAPORE,6/16/2022,6/16/2022,QINGDAO,6/16/2022 3:36,KAOHSIUNG,6/16/2022 20:58
9V9792,EVER LUCENT,SINGAPORE,6/19/2022,,"OTHER, VIETNAM",6/19/2022 3:01,,
9LU2307,AEGIS ELITE,SIERRA LEONE,6/13/2022,6/16/2022,"OTHER, VIETNAM",6/13/2022 18:31,"OTHER, VIETNAM",6/16/2022 21:36
A8TV9,AQUAMARINE,LIBERIA,6/19/2022,,MAILIAO,6/19/2022 4:03,,
9V6003,MAERSK BINTULU,SINGAPORE,6/16/2022,6/16/2022,HAIPHONG,6/16/2022 15:01,"YANTIAN, GDHAIPHONG",6/16/2022 21:39
5BEN4,NORDPUMA,CYPRUS,6/19/2022,,"NANSHA, PANYU",6/19/2022 4:19,,
V3YK2,BA HE CHUAN,BELIZE,6/16/2022,6/16/2022,"OTHER, VIETNAM",6/16/2022 18:08,"OTHER, CHINA (COAST)",6/16/2022 21:43
3WNU,BIENDONG FREIGHTER,VIETNAM,6/19/2022,,"NANSHA, PANYU",6/19/2022 4:52,,
S6SI,WAN HAI 216,SINGAPORE,6/16/2022,6/16/2022,KAOHSIUNG,6/16/2022 14:57,"SHEKOU, SHENZHEN",6/16/2022 22:39
5LDP3,MSC CASSANDRE,LIBERIA,6/17/2022,6/17/2022,"SHEKOU, SHENZHENNINGBO, ZJ",6/17/2022 17:48,"SHEKOU, SHENZHEN",6/17/2022 17:48
V7HM3,UMM QARN,MARSHALL ISLANDS,6/16/2022,6/16/2022,"YANTIAN, SHENZHEN",6/16/2022 0:00,"XIAMEN, FJ",6/16/2022 23:32
D7KC,KMTC CHENNAI,REPUBLIC OF KOREA,6/16/2022,6/17/2022,BUSAN,6/16/2022 7:53,SINGAPORE,6/17/2022 0:34
D7OM,SKY CHALLENGE,REPUBLIC OF KOREA,6/16/2022,6/17/2022,LAEM CHABANG,6/16/2022 18:11,"XIAMEN, FJ",6/17/2022 11:56
VRUH6,SITC LICHENG,"HONG KONG, CHINA",6/16/2022,6/17/2022,"SHANGHAI, SH",6/16/2022 10:18,PORT KLANG,6/17/2022 0:37
VRUH6,SITC LICHENG,"HONG KONG, CHINA",6/16/2022,6/17/2022,"SHANGHAI, SH",6/16/2022 10:18,PORT KLANG,6/17/2022 0:37
S6ST,KOTA RATU,SINGAPORE,6/15/2022,6/17/2022,KOROR,6/15/2022 8:45,KAOHSIUNG,6/17/2022 2:19
9VFV4,MAERSK TAURUS,SINGAPORE,6/16/2022,6/17/2022,TANJUNG PELEPAS,6/16/2022 18:51,"NANSHA, PANYU",6/17/2022 16:05
9V3466,WAN HAI 613,SINGAPORE,6/16/2022,6/17/2022,"SHEKOU, SHENZHEN",6/16/2022 10:56,LAEM CHABANG,6/17/2022 3:04
3FZH7,SPRINTER,PANAMA,6/16/2022,6/17/2022,BUENAVENTURA,6/16/2022 18:54,"SHANGHAI, SH",6/17/2022 16:05
3FWP7,PL GERMANY,PANAMA,6/16/2022,6/17/2022,"NANSHA, PANYU",6/16/2022 14:18,KEELUNG,6/17/2022 5:12
D5VC9,MAERSK NASSJO,LIBERIA,6/16/2022,6/17/2022,OPEN SEA,6/16/2022 21:07,"SHEKOU, SHENZHEN",6/17/2022 16:33
VRUR2,CUL NANSHA,"HONG KONG, CHINA",6/17/2022,6/17/2022,"NANSHA, PANYU",6/17/2022 1:09,"SHEKOU, SHENZHEN",6/17/2022 5:25
BOCL7,ZHONG GU HUANG HAI,CHINA,6/16/2022,6/17/2022,HO CHI MINH CITY,6/16/2022 15:23,FUJIAN,6/17/2022 5:31
3FZN9,DVINA GULF,PANAMA,6/16/2022,6/17/2022,"GAOLAN, ZHUHAI",6/16/2022 23:31,ULSAN,6/17/2022 5:35
D5AR4,POPI S,LIBERIA,6/16/2022,6/17/2022,GUANGZHOU,6/16/2022 23:08,"OTHER, INDONESIA",6/17/2022 5:41
CQZK,MSC CHANNE,PORTUGAL,6/16/2022,6/17/2022,"SHEKOU, SHENZHEN",6/16/2022 12:41,SINGAPORE,6/17/2022 5:40
3E2094,EVER OPUS,PANAMA,6/16/2022,6/17/2022,KAOHSIUNG,6/16/2022 23:58,HO CHI MINH CITY,6/17/2022 15:31
5LCU3,VISBY,LIBERIA,6/17/2022,6/17/2022,TAIPEI,6/17/2022 0:20,CUA LO,6/17/2022 7:17
V7A2845,STAR FRONTIER,MARSHALL ISLANDS,6/17/2022,6/17/2022,INCHEON,6/17/2022 0:10,HAIPHONG,6/17/2022 10:57
S6AS7,WAN HAI 501,SINGAPORE,6/16/2022,6/17/2022,TOKYO,6/16/2022 10:31,SINGAPORE,6/17/2022 7:29
9LU2270,VINCENT 2,SIERRA LEONE,6/17/2022,6/17/2022,KAOHSIUNG,6/17/2022 2:59,KAOHSIUNG,6/17/2022 8:29
V7HR7,PEGASUS PETA,MARSHALL ISLANDS,6/17/2022,6/17/2022,HAIPHONG,6/17/2022 2:10,"SHEKOU, SHENZHEN",6/17/2022 10:00
VRUN8,KANWAY FORTUNE,"HONG KONG, CHINA",6/15/2022,6/17/2022,"SHEKOU, SHENZHENTAICHUNG",6/15/2022 5:30,"KAOHSIUNGSHEKOU, SHENZHEN",6/17/2022 11:41
3FZU7,GROVE ISLAND,PANAMA,6/17/2022,6/17/2022,CHANMAY,6/17/2022 2:35,OPEN SEA,6/17/2022 12:04
3FPK6,MSC MAKOTO II,PANAMA,6/17/2022,6/17/2022,TANJUNG PELEPAS,6/17/2022 6:55,"SHEKOU, SHENZHEN",6/17/2022 14:02
S6LW,KITI BHUM,SINGAPORE,6/17/2022,6/17/2022,SONGKHLA,6/17/2022 3:52,"XIAMEN, FJ",6/17/2022 16:37
VRSL7,NADI CHIEF,"HONG KONG, CHINA",6/17/2022,6/17/2022,"NANSHA, PANYU",6/17/2022 4:09,LAE,6/17/2022 16:11
D5HF2,CAUQUENES,LIBERIA,6/17/2022,6/17/2022,"YANTIAN, GD",6/17/2022 6:58,KEELUNG,6/17/2022 16:59
VQUK5,EVER PRIMA,UNITED KINGDOM OF GREAT BRITAIN,6/17/2022,6/17/2022,KAOHSIUNG,6/17/2022 9:19,HAIPHONG,6/17/2022 16:33
VRUJ9,TIGER LONGKOU,"HONG KONG, CHINA",6/17/2022,6/17/2022,JAKARTA,6/17/2022 9:50,"SHEKOU, SHENZHEN",6/17/2022 17:29
VRKG2,HAO YUAN,"HONG KONG, CHINA",6/15/2022,6/15/2022,"OTHER, VIETNAM",6/15/2022 17:29,"ZHENJIANG, JS",6/15/2022 19:59
9HA3459,MSC TRIESTE,MALTA,6/15/2022,6/15/2022,"SHANGHAI, SH",6/15/2022 9:27,"NANSHA, PANYU",6/15/2022 20:41
BQVX,HENG HUI 6,CHINA,6/14/2022,6/15/2022,LIRQUEN,6/14/2022 21:47,"YANTIAN, SHENZHEN",6/15/2022 20:56
9VLP3,KOTA CEMPAKA,SINGAPORE,6/15/2022,6/15/2022,"SHEKOU, SHENZHEN",6/15/2022 5:59,KAOHSIUNG,6/15/2022 21:08
H9HF,EVER CAST,PANAMA,6/15/2022,6/15/2022,KAOHSIUNG,6/15/2022 14:40,LAEM CHABANG,6/15/2022 23:25
3EMI4,OSLO TRADER,PANAMA,6/15/2022,6/15/2022,HO CHI MINH CITY,6/15/2022 11:03,QINGDAO,6/15/2022 23:27
V7WQ8,PINE EXPRESS,MARSHALL ISLANDS,6/15/2022,6/15/2022,"RIZHAO, SD",6/15/2022 14:11,OPEN SEA,6/15/2022 23:34
VRKB9,MAERSK LIMA,"HONG KONG, CHINA",6/15/2022,6/16/2022,"NINGBO, ZJ",6/15/2022 10:16,SINGAPORE,6/16/2022 0:03
VRCG9,FAR EAST CHEER,"HONG KONG, CHINA",6/15/2022,6/16/2022,"QINZHOU, GX",6/15/2022 19:24,"NANSHA, PANYU",6/16/2022 0:13
3ETC7,EVER CHEER,PANAMA,6/15/2022,6/16/2022,TAICHUNG,6/15/2022 5:27,KAOHSIUNG,6/16/2022 1:27
HSB4762,SIRI BHUM,THAILAND,6/15/2022,6/16/2022,"XIAMEN, FJ",6/15/2022 19:22,"SHEKOU, SHENZHEN",6/16/2022 12:35
5BFM4,BF TROUT,CYPRUS,6/15/2022,6/16/2022,CEBU,6/15/2022 7:39,HAIPHONG,6/16/2022 1:40
XVGU7,HAIAN VIEW,VIETNAM,6/15/2022,6/16/2022,HAIPHONG,6/15/2022 20:04,"NANSHA, PANYU",6/16/2022 13:01
VRWE8,OOCL AMERICA,"HONG KONG, CHINA",6/14/2022,6/16/2022,LAEM CHABANG,6/14/2022 23:34,"XINGANG, TIANJIN, TJ",6/16/2022 2:21
BOVK7,GUO TAI PING AN,CHINA,6/15/2022,6/16/2022,"YANGJIANG, GD",6/15/2022 21:11,"OTHER, PHILIPPINES",6/16/2022 7:11
3EFO6,VICTORY VOYAGER,PANAMA,6/14/2022,6/16/2022,"QINZHOU, GX",6/14/2022 19:20,"SHEKOU, SHENZHEN",6/16/2022 2:41
S6OM,CABLE RETRIEVER (NO TAC),SINGAPORE,6/15/2022,6/15/2022,OPEN SEA,6/15/2022 21:19,null,6/15/2022 16:10
BOAM7,ZHONG GU DONG HAI,CHINA,6/15/2022,6/16/2022,KAOHSIUNG,6/15/2022 17:14,NAN SHA,6/16/2022 6:59
9V7046,JT GLORY,SINGAPORE,6/15/2022,6/16/2022,"QINZHOU, GX",6/15/2022 22:00,"NANSHA, PANYU",6/16/2022 13:53
YDBH2,MERATUS JIMBARAN,INDONESIA,6/16/2022,6/16/2022,TANJUNG PELEPAS,6/16/2022 0:27,"YANTIAN, SHENZHEN",6/16/2022 7:05
D5ZG3,TALISKER,LIBERIA,6/15/2022,6/16/2022,"XIAMEN, FJ",6/15/2022 22:37,HAIPHONG,6/16/2022 7:48
9V5998,CEZANNE,SINGAPORE,6/15/2022,6/16/2022,TANJUNG PELEPAS,6/15/2022 23:26,"SHANGHAI, SH",6/16/2022 8:47
5LCS5,EVER FOND,LIBERIA,6/15/2022,6/16/2022,KAOHSIUNG,6/15/2022 7:30,"YANTIAN, SHENZHEN",6/16/2022 7:17
BIOY,DING HENG 17,CHINA,6/13/2022,6/16/2022,"NANSHA, PANYU",6/13/2022 22:08,"ZHUHAI, GD",6/16/2022 8:34
V7A2823,TS SINGAPORE,MARSHALL ISLANDS,6/16/2022,6/16/2022,"SHEKOU, SHENZHEN",6/16/2022 3:09,SOUTHAMPTON,6/16/2022 14:53
D5ML2,KMTC BANGKOK,LIBERIA,6/15/2022,6/16/2022,HO CHI MINH CITY,6/15/2022 16:06,INCHEON,6/16/2022 10:03
3FTZ8,BANGKOK BRIDGE,PANAMA,6/15/2022,6/16/2022,KEELUNG,6/15/2022 16:33,PORT KLANG,6/16/2022 10:29
9V8154,PROTEUS HARVONNE,SINGAPORE,6/16/2022,6/16/2022,GUANGZHOU,6/16/2022 3:43,TAIPEI,6/16/2022 10:50
H8NZ,GAS CATHAR,PANAMA,6/16/2022,6/16/2022,"OTHER, CHINA (COAST)",6/16/2022 5:42,"QINZHOU, GX",6/16/2022 13:46
A8UL6,NAVIOS MIAMI,LIBERIA,6/15/2022,6/16/2022,"YANTIAN, SHENZHEN",6/15/2022 17:20,BRISBANE,6/16/2022 10:53
9HA5437,CMA CGM CAIMEP,MALTA,6/16/2022,6/16/2022,"SHANTOU, GD",6/16/2022 12:21,"SHEKOU, SHENZHEN",6/16/2022 12:21
VRSC6,SITC SHIDAO,"HONG KONG, CHINA",6/16/2022,6/16/2022,"SHANGHAI, SH",6/16/2022 9:03,HAIPHONG,6/16/2022 17:22
S6DT5,WAN HAI 303,SINGAPORE,6/15/2022,6/16/2022,"SHEKOU, SHENZHEN",6/15/2022 10:29,"SHEKOU, SHENZHEN",6/16/2022 13:31
BG3702,HAE FA NO 26,"TAIWAN, CHINA",6/16/2022,,KAOHSIUNG,6/16/2022 10:28,,
BIBH5,ZHE HAI 512,CHINA,6/16/2022,6/16/2022,"LIANYUNGANG, JS",6/16/2022 10:52,CHITTAGONG,6/16/2022 16:42
HOEQ,FALCON CHEMIST,PANAMA,6/15/2022,6/16/2022,YOKKAICHI,6/15/2022 17:52,DAESAN,6/16/2022 15:00
3EFG6,AZALEA,PANAMA,6/13/2022,6/14/2022,"OTHER, JAPAN",6/13/2022 8:34,"OTHER, JAPAN",6/14/2022 18:51
2BOW3,COSCO FELIXSTOWE,UNITED KINGDOM OF GREAT BRITAIN,6/14/2022,6/14/2022,"SHEKOU, SHENZHEN",6/14/2022 5:21,SYDNEY,6/14/2022 20:33
C6DB5,KUO LIN,BAHAMAS,6/14/2022,6/14/2022,"SHEKOU, SHENZHEN",6/14/2022 13:24,KAOHSIUNG,6/14/2022 20:34
9LU2411,MING XING,SIERRA LEONE,6/14/2022,6/14/2022,ISHIGAKI,6/14/2022 9:18,ISHIGAKI,6/14/2022 20:36
HSB5602,PHUBAI PATTRA 5,THAILAND,6/14/2022,6/14/2022,"HUANGPU, GD",6/14/2022 15:20,BELAWAN,6/14/2022 20:48
3FHT7,GLOBAL DREAM,PANAMA,6/16/2022,,"SHANGHAI, SH",6/16/2022 16:18,,
V7A4804,ETG MISHIMA,MARSHALL ISLANDS,6/13/2022,6/14/2022,"NANSHA, PANYU",6/13/2022 17:04,HAY POINT,6/14/2022 20:56
V2CO6,OKEE PEARL,ANTIGUA & BARBUDA,6/14/2022,6/15/2022,KAOHSIUNG,6/14/2022 18:09,"SHEKOU, SHENZHEN",6/15/2022 17:01
9VBE4,METHI BHUM,SINGAPORE,6/14/2022,6/14/2022,"SHEKOU, SHENZHEN",6/14/2022 19:05,SIHANOUK VILLE,6/14/2022 22:59
3FHV8,EVER CORE,PANAMA,6/14/2022,6/14/2022,"ZHANJIANG, GD",6/14/2022 1:22,NAN SHA,6/14/2022 21:19
VRFX8,OOCL NAGOYA,"HONG KONG, CHINA",6/14/2022,6/14/2022,NAGOYA,6/14/2022 6:01,LAEM CHABANG,6/14/2022 22:06
9V6017,MAERSK XIAMEN,SINGAPORE,6/14/2022,6/15/2022,"YANTIAN, GD",6/14/2022 19:47,TANJUNG PELEPAS,6/15/2022 12:56
5BCH4,NORDTIGER,CYPRUS,6/14/2022,6/14/2022,"YANTIAN, SHENZHEN",6/14/2022 10:34,CAGAYAN DE ORO,6/14/2022 22:37
3EEF9,EVER CROWN,PANAMA,6/14/2022,6/15/2022,CAT LAI PORT,6/14/2022 20:20,"SHEKOU, SHENZHEN",6/15/2022 15:24
3FXG9,A ASO,PANAMA,6/13/2022,6/14/2022,"ZHUHAI, GDNANSHA, PANYU",6/13/2022 4:40,"XIAMEN, FJZHUHAI, GD",6/14/2022 23:20
BPJB,SHI DAI 9,CHINA,6/14/2022,6/15/2022,"PUTIAN, FJ",6/14/2022 22:14,GERALDTON,6/15/2022 4:31
V3HY3,RONG YUE,BELIZE,6/14/2022,6/14/2022,"HUANGPU, GD",6/14/2022 23:24,TAIPEI,6/14/2022 23:26
9V7155,WAN HAI 722,SINGAPORE,6/14/2022,6/15/2022,"SHEKOU, SHENZHEN",6/14/2022 22:21,"NINGBO, ZJ",6/15/2022 11:24
9V8738,NYK FUJI,SINGAPORE,6/14/2022,6/14/2022,"XIAMEN, FJ",6/14/2022 8:31,"NANSHA, PANYU",6/14/2022 23:28
V7A4960,EASTERLY AS OMARIA,MARSHALL ISLANDS,6/14/2022,6/15/2022,"ZHUHAI, GD",6/14/2022 22:57,"ZHANGJIAGANG, JS",6/15/2022 9:32
S6EN6,WAN HAI 163,SINGAPORE,6/13/2022,6/15/2022,"NANSHA, PANYU",6/13/2022 14:46,"SHEKOU, SHENZHEN",6/15/2022 0:57
C6WS6,HARRIER,BAHAMAS,6/14/2022,6/15/2022,"XIAMEN, FJ",6/14/2022 23:01,HAIPHONG,6/15/2022 9:57
9WTX5,HARBOUR GALAXY,MALAYSIA,6/13/2022,6/15/2022,"OTHER, MALAYSIA",6/13/2022 4:25,KOTA KINABALU,6/15/2022 3:00
9VFF8,KOTA HARUM,SINGAPORE,6/14/2022,6/15/2022,NAN SHA,6/14/2022 5:25,LAE,6/15/2022 4:22
9V5282,EVER STRONG,SINGAPORE,6/14/2022,6/15/2022,"OTHER, VIETNAM",6/14/2022 0:30,KAOHSIUNG,6/15/2022 4:31
3FSF7,BREMEN TRADER,PANAMA,6/14/2022,,MANILAMANILA,6/14/2022 23:54,,
9V6195,CNC MARS,SINGAPORE,6/14/2022,6/15/2022,KAOHSIUNG,6/14/2022 15:41,LAEM CHABANG,6/15/2022 6:12
S6MB,ORA BHUM,SINGAPORE,6/14/2022,6/15/2022,TAICHUNG,6/14/2022 23:56,SIHANOUK VILLE,6/15/2022 16:24
H8KJ,SKY ORION,PANAMA,6/15/2022,6/15/2022,KWANGYANG,6/15/2022 0:54,HO CHI MINH CITY,6/15/2022 14:25
OZDM2,MAERSK SALALAH,DENMARK,6/14/2022,6/15/2022,TAURANGA,6/14/2022 4:58,"YANTIAN, SHENZHEN",6/15/2022 8:34
3ESV8,DONG CHANG,PANAMA,6/15/2022,6/15/2022,CUA LO,6/15/2022 3:04,KUNSAN,6/15/2022 9:15
D5YG8,EASTERN PROGRESS,LIBERIA,6/15/2022,6/15/2022,"SHANGHAI, SH",6/15/2022 4:19,SIHANOUK VILLE,6/15/2022 15:43
9V9662,INTERASIA PROGRESS,SINGAPORE,6/13/2022,6/15/2022,TAIPEI,6/13/2022 23:53,"SHEKOU, SHENZHEN",6/15/2022 9:24
V7QA5,KSL HUAYANG,MARSHALL ISLANDS,6/15/2022,,FUJAIRAH,6/15/2022 5:50,,
BVGH5,REN JIAN 6,CHINA,6/14/2022,6/15/2022,"SHANGHAI, SH",6/14/2022 17:39,HAIPHONG,6/15/2022 9:41
D5ZM4,MSC LIDIA,LIBERIA,6/14/2022,6/15/2022,"NINGBO, ZJ",6/14/2022 12:03,"YANTIAN, SHENZHEN",6/15/2022 9:45
VRHM7,CSCL STAR,"HONG KONG, CHINA",6/14/2022,6/15/2022,"NANSHA, PANYU",6/14/2022 17:28,"OTHER, VIETNAM",6/15/2022 10:31
D5ST2,SKY SUNSHINE,LIBERIA,6/15/2022,6/15/2022,PUSAN,6/15/2022 7:52,"SHEKOU, SHENZHEN",6/15/2022 17:57
VRTF3,TS KOBE,"HONG KONG, CHINA",6/14/2022,6/15/2022,KAOHSIUNG,6/14/2022 13:20,"SHEKOU, SHENZHEN",6/15/2022 12:28
V7VS6,ONE MODERN,MARSHALL ISLANDS,6/14/2022,6/15/2022,KAOHSIUNG,6/14/2022 17:57,"YANTIAN, SHENZHEN",6/15/2022 12:29
3WAG9,HOANG TUAN 89,VIETNAM,6/15/2022,,CAGAYAN DE ORO,6/15/2022 9:40,,
3EKS9,TS HONGKONG,PANAMA,6/14/2022,6/15/2022,KAOHSIUNG,6/14/2022 9:44,KEELUNG,6/15/2022 12:58
D5WQ8,YM CREDENTIAL,LIBERIA,6/14/2022,6/15/2022,CAT LAI PORT,6/14/2022 15:49,"SHEKOU, SHENZHEN",6/15/2022 16:57
S6SG,WAN HAI 215,SINGAPORE,6/14/2022,6/15/2022,KAOHSIUNG,6/14/2022 14:18,KEELUNG,6/15/2022 16:58
H8HI,MINDORO,PANAMA,6/13/2022,6/13/2022,KAOHSIUNG,6/13/2022 8:00,SUBIC BAY,6/13/2022 18:52
D5WQ7,YM CONTINENT,LIBERIA,6/13/2022,6/13/2022,TOKYO,6/13/2022 0:51,SINGAPORE,6/13/2022 20:17
A8XJ2,FPMC B 102,LIBERIA,6/13/2022,6/14/2022,"OTHER, VIETNAM",6/13/2022 19:28,OPEN SEA,6/14/2022 1:28
CQZV,KLARA,PORTUGAL,6/12/2022,6/13/2022,BALIKPAPAN,6/12/2022 21:27,YOKOHAMA,6/13/2022 21:51
3FAT7,JIAN RUI 7,PANAMA,6/13/2022,6/14/2022,DUNG QUAT,6/13/2022 19:39,FUNABASHI,6/14/2022 1:44
V7UN4,IVY ALLIANCE,MARSHALL ISLANDS,6/13/2022,6/13/2022,"NANSHA, PANYU",6/13/2022 17:49,OPEN SEA,6/13/2022 23:09
D5WR5,YM CONSTANCY,LIBERIA,6/13/2022,6/14/2022,KAOHSIUNG,6/13/2022 19:45,"SHEKOU, SHENZHEN",6/14/2022 16:03
9V7588,WAN HAI 275,SINGAPORE,6/13/2022,6/13/2022,LAEM CHABANG,6/13/2022 8:59,"NANSHA, PANYU",6/13/2022 23:27
2EDZ5,ERVING,UNITED KINGDOM OF GREAT BRITAIN,6/13/2022,6/14/2022,"SHEKOU, SHENZHEN",6/13/2022 19:53,KAOHSIUNG,6/14/2022 12:11
VRPI4,CESI BEIHAI,"HONG KONG, CHINA",6/13/2022,6/14/2022,"SHEKOU, SHENZHEN",6/13/2022 13:21,GLADSTONE,6/14/2022 0:50
VRMC2,COSCO FRANCE,"HONG KONG, CHINA",6/13/2022,6/14/2022,"NANSHA, PANYU",6/13/2022 20:39,"YANTIAN, GD",6/14/2022 10:41
V2HK3,MELLUM,ANTIGUA & BARBUDA,6/13/2022,6/14/2022,"XIAMEN, FJ",6/13/2022 21:35,"SHEKOU, SHENZHEN",6/14/2022 6:30
V7A4865,TS MOJI,MARSHALL ISLANDS,6/13/2022,6/14/2022,"SHEKOU, SHENZHEN",6/13/2022 21:43,LEAMCHABANG,6/14/2022 3:28
V7HY3,HEUNG-A HAIPHONG,MARSHALL ISLANDS,6/13/2022,6/14/2022,HAIPHONG,6/13/2022 13:41,BUSAN,6/14/2022 1:52
9WSY9,DANUM 168,MALAYSIA,6/13/2022,6/14/2022,QINGDAO,6/13/2022 21:57,HAIPHONG,6/14/2022 8:04
9VFX9,KOTA LAMBANG,SINGAPORE,6/13/2022,6/14/2022,TAURANGA,6/13/2022 7:25,KEELUNG,6/14/2022 2:30
OYGM2,GERD MAERSK,DENMARK,6/13/2022,6/14/2022,VUNGTAU,6/13/2022 9:03,"YANTIAN, SHENZHEN",6/14/2022 2:56
VQGH8,EVER PRIDE,UNITED KINGDOM OF GREAT BRITAIN,6/13/2022,6/14/2022,"SHANTOU, GD",6/13/2022 22:23,"SHEKOU, SHENZHEN",6/14/2022 15:55
VRDU5,CSC RISINGSUN,"HONG KONG, CHINA",6/12/2022,6/14/2022,YEOSU,6/12/2022 14:36,ZHOUSHAN,6/14/2022 3:38
D7UC,KMTC SHENZHEN,REPUBLIC OF KOREA,6/13/2022,6/14/2022,PORT KLANG,6/13/2022 16:28,"SHANGHAI, SH",6/14/2022 3:56
VRGV9,COSCO MALAYSIA,"HONG KONG, CHINA",6/13/2022,6/14/2022,"NINGBO, ZJ",6/13/2022 8:35,"YANTIAN, SHENZHEN",6/14/2022 4:12
VRSR5,TS SHANGHAI,"HONG KONG, CHINA",6/14/2022,6/14/2022,TAICHUNG,6/14/2022 3:20,"NANSHAN, FJ",6/14/2022 13:02
9HA5592,CNC MERCURY,MALTA,6/13/2022,6/14/2022,CAGAYAN DE ORO,6/13/2022 14:18,"SHEKOU, SHENZHEN",6/14/2022 4:15
5LEV3,CARDIFF TRADER,LIBERIA,6/14/2022,6/14/2022,"SHANGHAI, SH",6/14/2022 4:27,HO CHI MINH CITY,6/14/2022 9:03
3EWE9,NEW AUDACITY,PANAMA,6/12/2022,6/14/2022,HIROHATA,6/12/2022 8:22,"SHEKOU, SHENZHEN",6/14/2022 4:37
BLHP,YM IMMENSE,"TAIWAN, CHINA",6/14/2022,6/14/2022,HAIPHONG,6/14/2022 4:39,KAOHSIUNG,6/14/2022 9:55
5LDZ3,LOS ANGELES TRADER,LIBERIA,6/13/2022,6/14/2022,"OTHER, VIETNAM",6/13/2022 11:29,"SHEKOU, SHENZHEN",6/14/2022 5:43
V7CT5,RIDGEBURY KATHERINE Z,MARSHALL ISLANDS,6/12/2022,6/14/2022,"DALIAN, LN",6/12/2022 9:26,SINGAPORE,6/14/2022 6:14
9V6016,MAERSK DAVAO,SINGAPORE,6/13/2022,6/14/2022,QINGDAO,6/13/2022 16:31,"YANTIAN, SHENZHEN",6/14/2022 6:36
VRNX4,SUNNY CALLA,"HONG KONG, CHINA",6/14/2022,6/14/2022,HAIPHONG,6/14/2022 5:26,"XIUYAO, XIAMEN, FJ",6/14/2022 12:32
BLEP,KANWAY GLOBAL,"TAIWAN, CHINA",6/13/2022,6/14/2022,TAICHUNG,6/13/2022 11:43,"SHEKOU, SHENZHEN",6/14/2022 7:56
3E2475,HUAN HANG 17,PANAMA,6/14/2022,6/14/2022,"FANGCHENG, GX",6/14/2022 5:55,OPEN SEA,6/14/2022 15:36
V7A4976,CONSIGNIA,MARSHALL ISLANDS,6/13/2022,6/14/2022,HAIPHONG,6/13/2022 12:14,"NANSHA, PANYU",6/14/2022 7:58
3EEM5,MAERSK NUSSFJORD,PANAMA,6/14/2022,6/14/2022,HAIPHONG,6/14/2022 7:42,YOKOHAMA,6/14/2022 18:03
3FYA3,GOLDEN SIRIUS,PANAMA,6/13/2022,6/14/2022,TAIPEI,6/13/2022 15:18,YOKOHAMA,6/14/2022 8:56
V3IA2,JUN HE,BELIZE,6/14/2022,6/14/2022,KIMITSU,6/14/2022 8:04,"OTHER, VIETNAM",6/14/2022 11:05
3FJF8,MSC KERRY,PANAMA,6/13/2022,6/14/2022,"YANTIAN, SHENZHEN",6/13/2022 16:43,"MAWEI, FUZHOU, FJ",6/14/2022 9:08
BQQT,REN JIAN 27,CHINA,6/13/2022,6/14/2022,"XIAMEN, FJ",6/13/2022 13:38,"NANSHA, PANYU",6/14/2022 10:02
BOOK4,HAI FENG HAI KOU,CHINA,6/14/2022,6/14/2022,"XIAMEN, FJ",6/14/2022 10:04,HAIPHONG,6/14/2022 15:30
VRGL9,ANGEL NO.3,"HONG KONG, CHINA",6/14/2022,6/14/2022,"OTHER, VIETNAM",6/14/2022 10:20,"OTHER, CHINA (COAST)",6/14/2022 15:14
V7A4772,SCO SHANGHAI,MARSHALL ISLANDS,6/13/2022,6/14/2022,CEBU,6/13/2022 16:31,"SHEKOU, SHENZHEN",6/14/2022 10:48
6KCA4,JAEWON 9,REPUBLIC OF KOREA,6/13/2022,6/14/2022,ZHOUSHAN,6/13/2022 7:02,SIHANOUK VILLE,6/14/2022 13:46
3E3613,SUN PROUD,PANAMA,6/14/2022,6/14/2022,"NANSHA, PANYU",6/14/2022 15:15,FUKUYAMA,6/14/2022 15:49
V7A2844,STAR EXPLORER,MARSHALL ISLANDS,6/12/2022,6/12/2022,HAIPHONG,6/12/2022 12:26,BUSAN,6/12/2022 19:29
V7A2935,INFERRO,MARSHALL ISLANDS,6/12/2022,6/13/2022,PORT KLANG,6/12/2022 19:07,"SHEKOU, SHENZHEN",6/13/2022 17:27
9HA3731,CMA CGM ELBE,MALTA,6/12/2022,6/13/2022,VUNGTAU,6/12/2022 19:42,"SHEKOU, SHENZHEN",6/13/2022 10:13
VRFW9,OOCL DALIAN,"HONG KONG, CHINA",6/12/2022,6/12/2022,"SHEKOU, SHENZHEN",6/12/2022 9:04,OSAKA,6/12/2022 20:14
9V7910,ATLANTIC BRIDGE,SINGAPORE,6/12/2022,6/13/2022,LAEM CHABANG,6/12/2022 19:59,PORT KLANG,6/13/2022 11:01
VRSQ3,SEALAND MICHIGAN,"HONG KONG, CHINA",6/12/2022,6/12/2022,"SHANGHAI, SH",6/12/2022 4:34,"YANTIAN, SHENZHEN",6/12/2022 21:43
BQTG,CHANG YANG JIN AN,CHINA,6/12/2022,6/13/2022,"YANGJIANG, GD",6/12/2022 20:03,"TABONEO, INDONESIA",6/13/2022 0:27
3E3588,EVER CONCERT,PANAMA,6/12/2022,6/12/2022,"NANSHA, PANYU",6/12/2022 8:04,HAIPHONG,6/12/2022 22:34
3EGL6,NAVIOS HARMONY,PANAMA,6/12/2022,6/13/2022,"OTHER, USA",6/12/2022 20:15,SINGAPORE,6/13/2022 5:28
H8FG,ATLANTIC BUENAVISTA,PANAMA,6/12/2022,6/12/2022,LONG BEACH,6/12/2022 15:06,"FANGCHENG, GX",6/12/2022 22:57
9VPQ2,SATTHA BHUM,SINGAPORE,6/12/2022,6/13/2022,QINGDAO,6/12/2022 21:14,"SHEKOU, SHENZHEN",6/13/2022 7:19
T2WY4,XIANG SHUN,TUVALU,6/12/2022,6/13/2022,"ZHANJIANG, GD",6/12/2022 21:35,MOJI,6/13/2022 0:30
3ENH8,LEO PERDANA,PANAMA,6/12/2022,6/13/2022,HO CHI MINH CITY,6/12/2022 7:21,"XINGANG, TIANJIN, TJ",6/13/2022 0:02
D9NB,NORTH BRIDGE,REPUBLIC OF KOREA,6/12/2022,6/13/2022,SURABAYA,6/12/2022 21:52,KWANGYANG,6/13/2022 12:37
CQIX7,AS ROMINA,PORTUGAL,6/12/2022,6/13/2022,"NANSHA, PANYU",6/12/2022 13:03,"SHEKOU, SHENZHEN",6/13/2022 0:23
9VCM2,THERESA LIBRA,SINGAPORE,6/12/2022,6/13/2022,"OTHER, MALAYSIA",6/12/2022 22:27,"CHIWAN, SHENZHEN",6/13/2022 8:39
5VFT4,DONG KUN 7,TOGO,6/12/2022,6/13/2022,KUSHIRO,6/12/2022 22:36,"OTHER, VIETNAM",6/13/2022 1:33
9V5294,PARANAGUA EXPRESS,SINGAPORE,6/12/2022,6/13/2022,SINGAPORE,6/12/2022 23:39,PUSAN,6/13/2022 15:02
3E4021,DONG HUA 17,PANAMA,6/13/2022,6/13/2022,"OTHER, VIETNAM",6/13/2022 0:30,"QUANZHOU, FJ",6/13/2022 3:44
V7A2814,SAWASDEE BALTIC,MARSHALL ISLANDS,6/12/2022,6/13/2022,KWANGYANG,6/12/2022 12:08,SAIGON,6/13/2022 2:27
A8HX3,YM IMAGE,LIBERIA,6/13/2022,6/13/2022,KAOHSIUNG,6/13/2022 0:54,LAEM CHABANG,6/13/2022 11:31
HOGZ,EVER BOOMY,PANAMA,6/12/2022,6/13/2022,KUANTAN,6/12/2022 11:19,KAOHSIUNG,6/13/2022 2:57
VRFX4,BEACON HILL,"HONG KONG, CHINA",6/13/2022,6/13/2022,HUIZHOUGANG,6/13/2022 1:03,YANGPU,6/13/2022 10:39
3E3976,XIN LONG YUN 89,PANAMA,6/13/2022,6/13/2022,"NANSHA, PANYU",6/13/2022 1:47,MANILA,6/13/2022 18:01
9V9874,ASIATIC BAY,SINGAPORE,6/12/2022,6/13/2022,TAICHUNG,6/12/2022 10:47,OSAKA,6/13/2022 4:32
9V6478,CD HUELVA,SINGAPORE,6/13/2022,6/13/2022,BALBOA,6/13/2022 3:19,"FANGCHENG, GX",6/13/2022 12:25
3FXG8,FENGYUNHE,PANAMA,6/12/2022,6/13/2022,"QINZHOU, GX",6/12/2022 12:48,"XIAMEN, FJ",6/13/2022 5:44
V7ZR2,STARSHIP URSA,MARSHALL ISLANDS,6/13/2022,6/13/2022,BUSAN,6/13/2022 6:02,HO CHI MINH CITY,6/13/2022 16:52
9VHE2,MAERSK TUKANG,SINGAPORE,6/12/2022,6/13/2022,TANJUNG PELEPAS,6/12/2022 14:48,"NANSHA, PANYU",6/13/2022 6:33
3EIW4,GRAND ACE6,PANAMA,6/12/2022,6/13/2022,YOSU,6/12/2022 8:35,BATANGAS,6/13/2022 6:37
MHVR6,ZENITH LUMOS,UNITED KINGDOM OF GREAT BRITAIN,6/12/2022,6/13/2022,SINGAPORE,6/12/2022 10:19,PUSAN,6/13/2022 6:53
5VEE8,SHUHO MARU,TOGO,6/13/2022,6/13/2022,MASAN,6/13/2022 8:01,VUNGTAU,6/13/2022 13:15
9LU2253,TIAN LONG,SIERRA LEONE,6/12/2022,6/13/2022,SUAO,6/12/2022 9:01,"OTHER, VIETNAM",6/13/2022 7:34
D5UL4,SIEM CURIE,LIBERIA,6/13/2022,6/13/2022,NAGOYA,6/13/2022 8:03,LAEM CHABANG,6/13/2022 13:57
VRQD2,COSCO SHIPPING DANUBE,"HONG KONG, CHINA",6/12/2022,6/13/2022,"YANTIAN, GD",6/12/2022 14:18,SINGAPORE,6/13/2022 7:34
VRTR9,HUI SHENG HAI,"HONG KONG, CHINA",6/13/2022,6/13/2022,"OTHER, CHINA (COAST)",6/13/2022 9:14,SINGAPORE,6/13/2022 16:17
VREB5,COTAI STRIP COTAIARENA,"HONG KONG, CHINA",6/13/2022,,MACAO,6/13/2022 10:33,,
3ESI4,BLUEWAYS,PANAMA,6/13/2022,,UBE,6/13/2022 10:41,,
BVGG5,REN JIAN 5,CHINA,6/13/2022,6/13/2022,"SHANTOU, GD",6/13/2022 12:01,"SHEKOU, SHENZHEN",6/13/2022 12:01
3EMP9,RUBY ENTERPRISE,PANAMA,6/13/2022,6/13/2022,TAURANGA,6/13/2022 11:11,GUANGZHOU,6/13/2022 12:02
BSCR,DE YUAN (NO TAC),CHINA,6/13/2022,6/13/2022,OPEN SEA,6/13/2022 17:45,null,6/13/2022 12:36
3ENU2,GRAND ACE7,PANAMA,6/11/2022,6/13/2022,"HUANGPU, GD",6/11/2022 23:19,"JINSHANWEI, SHANGHAI",6/13/2022 14:31
VRUM4,EASTERN IRIS,"HONG KONG, CHINA",6/11/2022,6/13/2022,"HUANGPU, GD",6/11/2022 22:37,SINGAPORE,6/13/2022 15:33
VRDG4,MAERSK ABERDEEN,"HONG KONG, CHINA",6/12/2022,6/13/2022,OPEN SEA,6/12/2022 11:48,"SHEKOU, SHENZHEN",6/13/2022 17:06
VRCM5,FAR EAST GRACE,"HONG KONG, CHINA",6/11/2022,6/12/2022,"NANSHA, PANYU",6/11/2022 18:05,HAIPHONG,6/12/2022 7:30
9LU2447,SHENG JIE 9,SIERRA LEONE,6/11/2022,6/11/2022,"SHATIAN, DONGGUAN",6/11/2022 18:25,QINGDAO,6/11/2022 21:14
5LCM3,EVER CERTAIN,LIBERIA,6/11/2022,6/12/2022,KAOHSIUNG,6/11/2022 19:47,"SHEKOU, SHENZHEN",6/12/2022 7:55
HOLC,HF SPIRIT,PANAMA,6/11/2022,6/12/2022,"SHANGHAI, SH",6/11/2022 19:58,HAIPHONG,6/12/2022 8:57
9V6955,ASIATIC PRIDE,SINGAPORE,6/11/2022,6/12/2022,"XIAMEN, FJ",6/11/2022 20:39,"SHEKOU, SHENZHEN",6/12/2022 2:44
3E3960,EVER CLEVER,PANAMA,6/11/2022,6/12/2022,"SHANTOU, GD",6/11/2022 22:10,"SHEKOU, SHENZHEN",6/12/2022 17:24
VRKF9,COSCO ADEN,"HONG KONG, CHINA",6/11/2022,6/12/2022,LAEM CHABANG,6/11/2022 22:12,QINGDAO,6/12/2022 11:00
5LDV5,MSC EMILY II,LIBERIA,6/12/2022,6/12/2022,TANJUNG PELEPAS,6/12/2022 1:02,"SHEKOU, SHENZHEN",6/12/2022 10:12
3EMT9,EMORA,PANAMA,6/12/2022,6/12/2022,HO CHI MINH CITY,6/12/2022 2:01,INCHEON,6/12/2022 14:32
V7IQ5,STARSHIP AQUILA,MARSHALL ISLANDS,6/12/2022,6/12/2022,BUSAN,6/12/2022 2:43,"SHEKOU, SHENZHEN",6/12/2022 14:28
3FVQ7,FLOURISH OCEAN,PANAMA,6/12/2022,6/12/2022,KAOHSIUNG,6/12/2022 4:03,SINGAPORE,6/12/2022 10:04
3FGW5,NEMRUT BAY,PANAMA,6/12/2022,,UBE,6/12/2022 5:04,,
7JJX,WUGANG INNOVATION,JAPAN,6/12/2022,6/12/2022,NAKAGUSUKU,6/12/2022 5:05,"OTHER, AUSTRALIA",6/12/2022 13:41
CQEH7,EDWINE OLDENDORFF,PORTUGAL,6/12/2022,6/12/2022,NEWCASTLE,6/12/2022 7:17,"OTHER, VIETNAM",6/12/2022 15:55
9HA5321,CMA CGM SAVANNAH,MALTA,6/12/2022,6/12/2022,SINGAPORE,6/12/2022 7:57,QINGDAO,6/12/2022 17:56
HOUJ,ORIENTAL IRIS,PANAMA,6/12/2022,,BUSAN,6/12/2022 8:41,,
VRAU4,JOSCO TAIZHOU,"HONG KONG, CHINA",6/12/2022,6/12/2022,"YANGJIANG, GD",6/12/2022 10:20,"OTHER, PHILIPPINES",6/12/2022 16:07
D7JT,BON CHALLENGER,REPUBLIC OF KOREA,6/12/2022,6/12/2022,BATAAN,6/12/2022 14:40,OPEN SEA,6/12/2022 17:19
BLII,YM HEIGHTS,"TAIWAN, CHINA",6/12/2022,6/12/2022,KAOHSIUNG,6/12/2022 15:54,HAIPHONG,6/12/2022 23:26
D7XB,PANCON BRIDGE,REPUBLIC OF KOREA,6/12/2022,6/12/2022,BUSAN,6/12/2022 16:13,HO CHI MINH CITY,6/12/2022 23:04
XVPF,FORTUNE NAVIGATOR,VIETNAM,6/12/2022,6/12/2022,MANILA,6/12/2022 17:06,"SHEKOU, SHENZHEN",6/12/2022 19:52
9V8084,WAN HAI 278,SINGAPORE,,6/18/2022,,,KAOHSIUNG,6/18/2022 12:20
VRBO3,FEI CHI,"HONG KONG, CHINA",,6/15/2022,,,OPEN SEA,6/15/2022 22:21
DSMB,WOO HYUK,REPUBLIC OF KOREA,,6/16/2022,,,"NINGBO, ZJ",6/16/2022 1:32
VRMX5,GUO LI (NO TAC),"HONG KONG, CHINA",,6/14/2022,,,null,6/14/2022 21:05
VRGZ7,FAR EASTERN MERCURY,"HONG KONG, CHINA",,6/14/2022,,,"OTHER, INDONESIA",6/14/2022 0:34
HOHW,GUANGZHOU STAR,PANAMA,,6/13/2022,,,SUAO,6/13/2022 0:45
BG3675,HAI JI LI,"TAIWAN, CHINA",,6/13/2022,,,KAOHSIUNG,6/13/2022 15:01
3FVD8,CSE WISDOM EXPRESS,PANAMA,,6/13/2022,,,"HUANGPU, GD",6/13/2022 16:59
3WGD,THAI BINH 38,VIETNAM,,6/13/2022,,,"CAILAN, VIETNAM",6/13/2022 17:26
3ELF2,COSCO BOSTON,PANAMA,,6/11/2022,,,"XIAMEN, FJ",6/11/2022 18:33
VRFH4,GRAND ASANO,"HONG KONG, CHINA",,6/11/2022,,,"OTHER, JAPAN",6/11/2022 19:36
BHOB,HUA KAI,CHINA,,6/11/2022,,,"SHEKOU, SHENZHEN",6/11/2022 20:19
3E3441,EVER CONFORM,PANAMA,,6/11/2022,,,HAIPHONG,6/11/2022 20:23
3WLA9,HAI AU 28,VIETNAM,,6/11/2022,,,HAIPHONG,6/11/2022 21:41
TCA4232,MCC NANJING,TURKEY,,6/11/2022,,,"YANTIAN, GD",6/11/2022 21:50
V7TY4,GREBE BULKER,MARSHALL ISLANDS,,6/11/2022,,,BONTANG,6/11/2022 22:00
V7A4536,CONSERO,MARSHALL ISLANDS,,6/11/2022,,,"SHANGHAI, SH",6/11/2022 22:05
9V9566,HAN YI,SINGAPORE,,6/11/2022,,,"OTHER, INDIA",6/11/2022 23:16
V2BJ5,IRIS MIKO,ANTIGUA & BARBUDA,,6/11/2022,,,"NANSHA, PANYU",6/11/2022 23:20
D5QH6,MSC EMMA,LIBERIA,,6/12/2022,,,"NINGBO, ZJ",6/12/2022 0:06
A8JY8,BOMAR SPRING,LIBERIA,,6/12/2022,,,"YANTIAN, SHENZHEN",6/12/2022 1:28
5LFJ6,CMA CGM SEMARANG,LIBERIA,,6/12/2022,,,"SHEKOU, SHENZHEN",6/12/2022 1:36
H9DU,EVER FOCUS,PANAMA,,6/12/2022,,,"YANTIAN, SHENZHEN",6/12/2022 3:03
3EMD9,TRITON REEFER,PANAMA,,6/12/2022,,,OPEN SEA,6/12/2022 3:49
3FOB4,HORAI BRIDGE,PANAMA,,6/12/2022,,,"SHEKOU, SHENZHEN",6/12/2022 5:01
V7A4962,TS DUBAI,MARSHALL ISLANDS,,6/12/2022,,,KWANGYANG,6/12/2022 7:13
3FRZ3,OOCL BRAZIL,PANAMA,,6/12/2022,,,"TIANJIN XINGANG, TJ",6/12/2022 7:52
D5YD8,KMTC YOKOHAMA,LIBERIA,,6/12/2022,,,"SHEKOU, SHENZHEN",6/12/2022 8:10
D5NS7,CONTSHIP UNO,LIBERIA,,6/12/2022,,,"NANSHAN, FJ",6/12/2022 11:16
BKIE,EVER LIVEN,"TAIWAN, CHINA",,6/12/2022,,,KAOHSIUNG,6/12/2022 11:17
D5HF3,CORCOVADO,LIBERIA,,6/12/2022,,,KEELUNG,6/12/2022 11:30
3EGG8,ATLANTIC ISLAND,PANAMA,,6/12/2022,,,LAEM CHABANG,6/12/2022 13:59
JVVF7,HUI HUANG,MONGOLIA,,6/12/2022,,,KAOHSIUNG,6/12/2022 15:14
